﻿<?xml version="1.0" encoding="utf-8"?>
<publishData>
  <publishProfile publishUrl="E:\Barun\DAM-Project\DAM\DAMServices\Publish" deleteExistingFiles="True" ftpAnonymousLogin="False" ftpPassiveMode="True" msdeploySite="" msdeploySiteID="" msdeployRemoteSitePhysicalPath="" msdeployAllowUntrustedCertificate="False" msdeploySkipExtraFilesOnServer="True" msdeployMarkAsApp="False" profileName="Profile1" publishMethod="FileSystem" replaceMatchingFiles="False" userName="" savePWD="False" userPWD="" SelectedForPublish="True">
    <file relUrl="DAMServices.svc" publishTime="07/01/2015 12:24:36" />
    <file relUrl="bin/DAM.Apps.Utility.pdb" publishTime="12/21/2015 13:29:29" />
    <file relUrl="bin/DAMServices.dll" publishTime="12/21/2015 13:29:04" />
    <file relUrl="bin/DAM.Apps.Utility.dll" publishTime="12/21/2015 13:29:29" />
    <file relUrl="Web.config" publishTime="12/21/2015 15:25:26" />
    <file relUrl="bin/DAMServices.pdb" publishTime="12/21/2015 13:29:04" />
    <file relUrl="Global.asax" publishTime="12/21/2015 13:04:44" />
  </publishProfile>
</publishData>