﻿<?xml version="1.0" encoding="utf-8"?>
<publishData>
  <publishProfile publishUrl="G:\DAM\Web" deleteExistingFiles="True" ftpAnonymousLogin="False" ftpPassiveMode="True" msdeploySite="" msdeploySiteID="" msdeployRemoteSitePhysicalPath="" msdeployAllowUntrustedCertificate="False" msdeploySkipExtraFilesOnServer="True" msdeployMarkAsApp="False" profileName="Profile1" publishMethod="FileSystem" replaceMatchingFiles="False" userName="" savePWD="False" userPWD="" SelectedForPublish="True">
    <file relUrl="ckeditor/plugins/specialchar/dialogs/lang/da.js" publishTime="08/27/2015 15:08:13" />
    <file relUrl="ckeditor/skins/moono/editor_gecko.css" publishTime="08/27/2015 15:08:15" />
    <file relUrl="ckeditor/plugins/magicline/images/icon-rtl.png" publishTime="08/27/2015 15:08:13" />
    <file relUrl="ckeditor/plugins/forms/dialogs/form.js" publishTime="08/27/2015 15:08:12" />
    <file relUrl="team-in-library/index.aspx" publishTime="10/15/2015 16:24:40" />
    <file relUrl="css/ModalPopup.css" publishTime="07/02/2015 11:28:40" />
    <file relUrl="ckeditor/plugins/forms/dialogs/hiddenfield.js" publishTime="08/27/2015 15:08:12" />
    <file relUrl="js/jquery-1.11.0.min.js" publishTime="07/02/2015 11:24:26" />
    <file relUrl="ckeditor/skins/moono/dialog_ie7.css" publishTime="08/27/2015 15:08:15" />
    <file relUrl="img/snext.png" publishTime="07/02/2015 11:24:26" />
    <file relUrl="location-master/index.aspx" publishTime="10/15/2015 16:30:08" />
    <file relUrl="ckeditor/plugins/a11yhelp/dialogs/lang/cy.js" publishTime="08/27/2015 15:08:11" />
    <file relUrl="ckeditor/plugins/a11yhelp/dialogs/lang/es.js" publishTime="08/27/2015 15:08:12" />
    <file relUrl="ckeditor/plugins/wsc/dialogs/wsc.js" publishTime="08/27/2015 15:08:15" />
    <file relUrl="ckeditor/plugins/a11yhelp/dialogs/lang/hu.js" publishTime="08/27/2015 15:08:12" />
    <file relUrl="ckeditor/lang/eu.js" publishTime="08/27/2015 15:08:11" />
    <file relUrl="img/left-nav-bg-top.png" publishTime="07/02/2015 11:24:26" />
    <file relUrl="ckeditor/plugins/a11yhelp/dialogs/lang/th.js" publishTime="08/27/2015 15:08:12" />
    <file relUrl="ckeditor/lang/ja.js" publishTime="08/27/2015 15:08:11" />
    <file relUrl="ckeditor/lang/si.js" publishTime="08/27/2015 15:08:11" />
    <file relUrl="ckeditor/skins/moono/images/hidpi/close.png" publishTime="08/27/2015 15:08:16" />
    <file relUrl="ckeditor/plugins/flash/images/placeholder.png" publishTime="08/27/2015 15:08:12" />
    <file relUrl="ckeditor/plugins/link/images/anchor.png" publishTime="08/27/2015 15:08:12" />
    <file relUrl="ckeditor/lang/bn.js" publishTime="08/27/2015 15:08:10" />
    <file relUrl="img/nav-icons/Location.png" publishTime="08/18/2015 21:28:38" />
    <file relUrl="ckeditor/plugins/specialchar/dialogs/lang/de.js" publishTime="08/27/2015 15:08:13" />
    <file relUrl="ckeditor/plugins/specialchar/dialogs/lang/ug.js" publishTime="08/27/2015 15:08:14" />
    <file relUrl="img/nav-icons/home-s.png" publishTime="07/02/2015 11:24:26" />
    <file relUrl="ckeditor/lang/hi.js" publishTime="08/27/2015 15:08:11" />
    <file relUrl="img/file-icons/pdf.png" publishTime="07/13/2015 20:17:36" />
    <file relUrl="ckeditor/plugins/find/dialogs/find.js" publishTime="08/27/2015 15:08:12" />
    <file relUrl="img/nav-icons/icon_download.png" publishTime="07/02/2015 11:24:26" />
    <file relUrl="ckeditor/lang/th.js" publishTime="08/27/2015 15:08:11" />
    <file relUrl="img/file-icons/excel.png" publishTime="07/13/2015 16:50:26" />
    <file relUrl="ckeditor/plugins/smiley/images/tongue_smile.png" publishTime="08/27/2015 15:08:13" />
    <file relUrl="ckeditor/plugins/specialchar/dialogs/lang/ca.js" publishTime="08/27/2015 15:08:13" />
    <file relUrl="img/nav-icons/back.png" publishTime="07/02/2015 11:24:26" />
    <file relUrl="ckeditor/plugins/specialchar/dialogs/lang/fr.js" publishTime="08/27/2015 15:08:13" />
    <file relUrl="ckeditor/plugins/specialchar/dialogs/lang/ku.js" publishTime="08/27/2015 15:08:14" />
    <file relUrl="bin/AjaxControlToolkit.dll" publishTime="06/18/2015 21:18:00" />
    <file relUrl="ckeditor/plugins/div/dialogs/div.js" publishTime="08/27/2015 15:08:12" />
    <file relUrl="team-in-privilege/index.aspx" publishTime="10/15/2015 16:22:11" />
    <file relUrl="ckeditor/plugins/specialchar/dialogs/lang/nb.js" publishTime="08/27/2015 15:08:14" />
    <file relUrl="ckeditor/lang/fr-ca.js" publishTime="08/27/2015 15:08:11" />
    <file relUrl="ckeditor/plugins/smiley/images/regular_smile.png" publishTime="08/27/2015 15:08:13" />
    <file relUrl="ckeditor/plugins/colordialog/dialogs/colordialog.js" publishTime="08/27/2015 15:08:12" />
    <file relUrl="ckeditor/plugins/a11yhelp/dialogs/lang/fa.js" publishTime="08/27/2015 15:08:12" />
    <file relUrl="img/pop.png" publishTime="07/02/2015 11:24:26" />
    <file relUrl="ckeditor/plugins/a11yhelp/dialogs/lang/en.js" publishTime="08/27/2015 15:08:12" />
    <file relUrl="ckeditor/plugins/specialchar/dialogs/lang/_translationstatus.txt" publishTime="08/27/2015 15:08:14" />
    <file relUrl="img/nav-icons/search.png" publishTime="07/02/2015 11:24:26" />
    <file relUrl="img/button_bg.png" publishTime="07/02/2015 11:24:26" />
    <file relUrl="img/nav-icons/down-arrow.png" publishTime="07/02/2015 11:24:26" />
    <file relUrl="ckeditor/lang/fi.js" publishTime="08/27/2015 15:08:11" />
    <file relUrl="js/html5-ie-shiv.js" publishTime="07/02/2015 11:24:26" />
    <file relUrl="css/jquery-ui-1.9.2.custom.min.css" publishTime="07/02/2015 11:28:40" />
    <file relUrl="img/left-nav-box-bg.png" publishTime="07/02/2015 11:24:26" />
    <file relUrl="ckeditor/plugins/about/dialogs/logo_ckeditor.png" publishTime="08/27/2015 15:08:12" />
    <file relUrl="ckeditor/plugins/wsc/dialogs/wsc.css" publishTime="08/27/2015 15:08:15" />
    <file relUrl="ckeditor/plugins/about/dialogs/hidpi/logo_ckeditor.png" publishTime="08/27/2015 15:08:12" />
    <file relUrl="ckeditor/skins/moono/editor.css" publishTime="08/27/2015 15:08:15" />
    <file relUrl="ckeditor/plugins/specialchar/dialogs/lang/tt.js" publishTime="08/27/2015 15:08:14" />
    <file relUrl="img/step-bg-line.png" publishTime="07/30/2015 19:33:06" />
    <file relUrl="ckeditor/plugins/clipboard/dialogs/paste.js" publishTime="08/27/2015 15:08:12" />
    <file relUrl="ckeditor/plugins/wordcount/lang/tr.js" publishTime="08/27/2015 15:08:15" />
    <file relUrl="ckeditor/plugins/specialchar/dialogs/lang/ar.js" publishTime="08/27/2015 15:08:13" />
    <file relUrl="ckeditor/plugins/showblocks/images/block_h1.png" publishTime="08/27/2015 15:08:13" />
    <file relUrl="ckeditor/plugins/wordcount/lang/en.js" publishTime="08/27/2015 15:08:15" />
    <file relUrl="ckeditor/lang/en-gb.js" publishTime="08/27/2015 15:08:11" />
    <file relUrl="email-template/index.aspx" publishTime="10/15/2015 16:35:17" />
    <file relUrl="img/nav-icons/library.png" publishTime="07/02/2015 11:24:26" />
    <file relUrl="ckeditor/plugins/showblocks/images/block_h4.png" publishTime="08/27/2015 15:08:13" />
    <file relUrl="ckeditor/plugins/iframe/images/placeholder.png" publishTime="08/27/2015 15:08:12" />
    <file relUrl="ckeditor/plugins/specialchar/dialogs/lang/th.js" publishTime="08/27/2015 15:08:14" />
    <file relUrl="img/file-icons/zip.png" publishTime="07/13/2015 16:50:26" />
    <file relUrl="img/nav-icons/icon_delete.png" publishTime="07/02/2015 11:24:26" />
    <file relUrl="ckeditor/plugins/specialchar/dialogs/lang/cy.js" publishTime="08/27/2015 15:08:13" />
    <file relUrl="user-login.aspx" publishTime="10/28/2015 13:35:45" />
    <file relUrl="sys-user-in-team/index.aspx" publishTime="10/03/2015 15:56:40" />
    <file relUrl="ckeditor/plugins/smiley/images/envelope.png" publishTime="08/27/2015 15:08:13" />
    <file relUrl="ckeditor/plugins/smiley/images/envelope.gif" publishTime="08/27/2015 15:08:13" />
    <file relUrl="actitity-log/index.aspx" publishTime="10/15/2015 15:24:47" />
    <file relUrl="img/vault_logo.png" publishTime="11/24/2015 11:37:27" />
    <file relUrl="img/nav-icons/calender.png" publishTime="07/02/2015 11:24:26" />
    <file relUrl="ckeditor/plugins/specialchar/dialogs/lang/sk.js" publishTime="08/27/2015 15:08:14" />
    <file relUrl="img/breadcrumb-bg.png" publishTime="07/02/2015 11:24:26" />
    <file relUrl="ckeditor/plugins/wsc/dialogs/wsc_ie.js" publishTime="08/27/2015 15:08:15" />
    <file relUrl="bin/DAM.Apps.pdb" publishTime="11/25/2015 19:31:27" />
    <file relUrl="ckeditor/plugins/wsc/dialogs/ciframe.html" publishTime="08/27/2015 15:08:15" />
    <file relUrl="ckeditor/lang/tt.js" publishTime="08/27/2015 15:08:11" />
    <file relUrl="ckeditor/plugins/a11yhelp/dialogs/lang/ca.js" publishTime="08/27/2015 15:08:11" />
    <file relUrl="ckeditor/plugins/specialchar/dialogs/lang/bg.js" publishTime="08/27/2015 15:08:13" />
    <file relUrl="ckeditor/plugins/specialchar/dialogs/lang/ja.js" publishTime="08/27/2015 15:08:14" />
    <file relUrl="img/user_img.png" publishTime="07/02/2015 11:24:26" />
    <file relUrl="img/txt-field-bg.png" publishTime="07/02/2015 11:24:26" />
    <file relUrl="ckeditor/plugins/forms/dialogs/button.js" publishTime="08/27/2015 15:08:12" />
    <file relUrl="ckeditor/plugins/icons.png" publishTime="08/27/2015 15:08:12" />
    <file relUrl="ckeditor/plugins/specialchar/dialogs/lang/lv.js" publishTime="08/27/2015 15:08:14" />
    <file relUrl="ckeditor/lang/sq.js" publishTime="08/27/2015 15:08:11" />
    <file relUrl="ckeditor/lang/af.js" publishTime="08/27/2015 15:08:10" />
    <file relUrl="ckeditor/plugins/showblocks/images/block_div.png" publishTime="08/27/2015 15:08:13" />
    <file relUrl="ckeditor/lang/lt.js" publishTime="08/27/2015 15:08:11" />
    <file relUrl="ckeditor/plugins/a11yhelp/dialogs/lang/ru.js" publishTime="08/27/2015 15:08:12" />
    <file relUrl="ckeditor/plugins/wordcount/lang/ca.js" publishTime="08/27/2015 15:08:15" />
    <file relUrl="ckeditor/plugins/specialchar/dialogs/specialchar.js" publishTime="08/27/2015 15:08:14" />
    <file relUrl="ckeditor/plugins/templates/templates/images/template1.gif" publishTime="08/27/2015 15:08:15" />
    <file relUrl="ckeditor/plugins/scayt/dialogs/toolbar.css" publishTime="08/27/2015 15:08:13" />
    <file relUrl="ckeditor/plugins/specialchar/dialogs/lang/cs.js" publishTime="08/27/2015 15:08:13" />
    <file relUrl="ckeditor/contents.css" publishTime="08/27/2015 15:08:10" />
    <file relUrl="ckeditor/plugins/smiley/images/shades_smile.gif" publishTime="08/27/2015 15:08:13" />
    <file relUrl="ckeditor/plugins/a11yhelp/dialogs/lang/bg.js" publishTime="08/27/2015 15:08:11" />
    <file relUrl="img/close.png" publishTime="07/02/2015 11:24:26" />
    <file relUrl="img/active-favorite.png" publishTime="07/30/2015 18:16:30" />
    <file relUrl="ckeditor/plugins/smiley/images/devil_smile.png" publishTime="08/27/2015 15:08:13" />
    <file relUrl="ckeditor/plugins/templates/templates/default.js" publishTime="08/27/2015 15:08:15" />
    <file relUrl="ckeditor/plugins/a11yhelp/dialogs/lang/hi.js" publishTime="08/27/2015 15:08:12" />
    <file relUrl="js/fm.tagator.jquery.js" publishTime="07/02/2015 11:24:26" />
    <file relUrl="ckeditor/plugins/a11yhelp/dialogs/lang/fr.js" publishTime="08/27/2015 15:08:12" />
    <file relUrl="ckeditor/lang/ro.js" publishTime="08/27/2015 15:08:11" />
    <file relUrl="ckeditor/plugins/forms/dialogs/select.js" publishTime="08/27/2015 15:08:12" />
    <file relUrl="ckeditor/plugins/a11yhelp/dialogs/lang/zh.js" publishTime="08/27/2015 15:08:12" />
    <file relUrl="ckeditor/plugins/wordcount/samples/wordcount.html" publishTime="08/27/2015 15:08:15" />
    <file relUrl="ckeditor/plugins/preview/preview.html" publishTime="08/27/2015 15:08:13" />
    <file relUrl="ckeditor/plugins/a11yhelp/dialogs/lang/tt.js" publishTime="08/27/2015 15:08:12" />
    <file relUrl="user-master/index.aspx" publishTime="11/23/2015 10:57:59" />
    <file relUrl="ckeditor/skins/moono/editor_ie7.css" publishTime="08/27/2015 15:08:15" />
    <file relUrl="department-master/index.aspx" publishTime="11/24/2015 14:08:20" />
    <file relUrl="ckeditor/plugins/specialchar/dialogs/lang/af.js" publishTime="08/27/2015 15:08:13" />
    <file relUrl="img/vault-v4.png" publishTime="11/24/2015 16:44:38" />
    <file relUrl="ckeditor/plugins/smiley/images/sad_smile.gif" publishTime="08/27/2015 15:08:13" />
    <file relUrl="search-result/index.aspx" publishTime="10/26/2015 17:22:08" />
    <file relUrl="designation-master/index.aspx" publishTime="10/15/2015 16:32:43" />
    <file relUrl="img/combo-down-arrow.png" publishTime="07/02/2015 11:24:26" />
    <file relUrl="ckeditor/plugins/a11yhelp/dialogs/lang/it.js" publishTime="08/27/2015 15:08:12" />
    <file relUrl="img/file-icons/noImageAvailable.jpg" publishTime="07/14/2015 13:58:48" />
    <file relUrl="ckeditor/lang/uk.js" publishTime="08/27/2015 15:08:11" />
    <file relUrl="authorization-msg/unauthrized.htm" publishTime="08/21/2015 16:09:00" />
    <file relUrl="img/nav-icons/bg.gif" publishTime="07/14/2015 19:37:12" />
    <file relUrl="ckeditor/plugins/a11yhelp/dialogs/a11yhelp.js" publishTime="08/27/2015 15:08:11" />
    <file relUrl="privilege-master/index.aspx" publishTime="10/15/2015 16:21:29" />
    <file relUrl="img/file-icons/wmv.png" publishTime="08/14/2015 14:43:48" />
    <file relUrl="ckeditor/plugins/a11yhelp/dialogs/lang/lt.js" publishTime="08/27/2015 15:08:12" />
    <file relUrl="ckeditor/plugins/wordcount/lang/es.js" publishTime="08/27/2015 15:08:15" />
    <file relUrl="ckeditor/plugins/image/images/noimage.png" publishTime="08/27/2015 15:08:12" />
    <file relUrl="ckeditor/plugins/a11yhelp/dialogs/lang/sr-latn.js" publishTime="08/27/2015 15:08:12" />
    <file relUrl="ckeditor/plugins/smiley/images/embarrassed_smile.png" publishTime="08/27/2015 15:08:13" />
    <file relUrl="img/logo.png" publishTime="09/12/2015 12:36:22" />
    <file relUrl="ckeditor/plugins/specialchar/dialogs/lang/lt.js" publishTime="08/27/2015 15:08:14" />
    <file relUrl="lookup-master/index.aspx" publishTime="10/15/2015 16:23:19" />
    <file relUrl="img/nav-icons/view.png" publishTime="07/13/2015 20:18:16" />
    <file relUrl="ckeditor/plugins/smiley/images/omg_smile.png" publishTime="08/27/2015 15:08:13" />
    <file relUrl="ckeditor/lang/es.js" publishTime="08/27/2015 15:08:11" />
    <file relUrl="img/clear.png" publishTime="07/02/2015 11:24:26" />
    <file relUrl="ckeditor/plugins/flash/dialogs/flash.js" publishTime="08/27/2015 15:08:12" />
    <file relUrl="Global.asax" publishTime="07/02/2015 11:25:50" />
    <file relUrl="ckeditor/plugins/smiley/images/thumbs_down.png" publishTime="08/27/2015 15:08:13" />
    <file relUrl="ckeditor/plugins/a11yhelp/dialogs/lang/eo.js" publishTime="08/27/2015 15:08:12" />
    <file relUrl="img/controls.png" publishTime="07/02/2015 11:24:26" />
    <file relUrl="js/jquery.tablesorter.js" publishTime="07/14/2015 18:37:22" />
    <file relUrl="js/jquery.dropdown.min.js" publishTime="08/17/2015 18:31:34" />
    <file relUrl="ckeditor/lang/eo.js" publishTime="08/27/2015 15:08:11" />
    <file relUrl="ckeditor/plugins/specialchar/dialogs/lang/no.js" publishTime="08/27/2015 15:08:14" />
    <file relUrl="document-upload/index.aspx" publishTime="10/03/2015 15:45:48" />
    <file relUrl="Logout.aspx" publishTime="10/28/2015 13:31:07" />
    <file relUrl="ckeditor/plugins/templates/dialogs/templates.css" publishTime="08/27/2015 15:08:14" />
    <file relUrl="ckeditor/plugins/specialchar/dialogs/lang/en.js" publishTime="08/27/2015 15:08:13" />
    <file relUrl="ckeditor/plugins/specialchar/dialogs/lang/eo.js" publishTime="08/27/2015 15:08:13" />
    <file relUrl="img/nav-icons/icon_excel.png" publishTime="07/02/2015 11:24:26" />
    <file relUrl="ckeditor/plugins/a11yhelp/dialogs/lang/mk.js" publishTime="08/27/2015 15:08:12" />
    <file relUrl="ckeditor/plugins/tabletools/dialogs/tableCell.js" publishTime="08/27/2015 15:08:14" />
    <file relUrl="img/hamburger-icon.png" publishTime="11/24/2015 14:37:11" />
    <file relUrl="ckeditor/plugins/a11yhelp/dialogs/lang/mn.js" publishTime="08/27/2015 15:08:12" />
    <file relUrl="ckeditor/plugins/smiley/images/teeth_smile.gif" publishTime="08/27/2015 15:08:13" />
    <file relUrl="img/line.png" publishTime="07/02/2015 11:24:26" />
    <file relUrl="ckeditor/lang/it.js" publishTime="08/27/2015 15:08:11" />
    <file relUrl="ckeditor/plugins/about/dialogs/about.js" publishTime="08/27/2015 15:08:12" />
    <file relUrl="img/icon_bell.png" publishTime="07/02/2015 11:24:26" />
    <file relUrl="js/jquery.tablesorter.min.js" publishTime="07/14/2015 19:00:52" />
    <file relUrl="js/upload.js" publishTime="07/02/2015 11:24:26" />
    <file relUrl="ckeditor/skins/moono/editor_iequirks.css" publishTime="08/27/2015 15:08:16" />
    <file relUrl="ckeditor/lang/zh.js" publishTime="08/27/2015 15:08:11" />
    <file relUrl="img/file-icons/doc.png" publishTime="07/13/2015 16:50:26" />
    <file relUrl="bin/DAM.Apps.dll" publishTime="11/25/2015 19:31:27" />
    <file relUrl="css/colorbox.css" publishTime="07/02/2015 11:28:40" />
    <file relUrl="ckeditor/plugins/smiley/images/regular_smile.gif" publishTime="08/27/2015 15:08:13" />
    <file relUrl="ckeditor/lang/de.js" publishTime="08/27/2015 15:08:10" />
    <file relUrl="sys-user-master/index.aspx" publishTime="10/03/2015 15:56:51" />
    <file relUrl="ckeditor/lang/nb.js" publishTime="08/27/2015 15:08:11" />
    <file relUrl="js/jquery-ui-1.9.2.custom.min.js" publishTime="07/02/2015 11:24:26" />
    <file relUrl="ckeditor/plugins/a11yhelp/dialogs/lang/vi.js" publishTime="08/27/2015 15:08:12" />
    <file relUrl="ckeditor/plugins/a11yhelp/dialogs/lang/hr.js" publishTime="08/27/2015 15:08:12" />
    <file relUrl="img/nav-icons/user.png" publishTime="07/02/2015 11:24:26" />
    <file relUrl="ckeditor/lang/ru.js" publishTime="08/27/2015 15:08:11" />
    <file relUrl="ckeditor/plugins/showblocks/images/block_h6.png" publishTime="08/27/2015 15:08:13" />
    <file relUrl="ckeditor/plugins/a11yhelp/dialogs/lang/no.js" publishTime="08/27/2015 15:08:12" />
    <file relUrl="ckeditor/plugins/specialchar/dialogs/lang/ru.js" publishTime="08/27/2015 15:08:14" />
    <file relUrl="img/rollover.png" publishTime="07/02/2015 11:24:26" />
    <file relUrl="ckeditor/plugins/a11yhelp/dialogs/lang/pt-br.js" publishTime="08/27/2015 15:08:12" />
    <file relUrl="ckeditor/plugins/showblocks/images/block_h5.png" publishTime="08/27/2015 15:08:13" />
    <file relUrl="ckeditor/plugins/magicline/images/hidpi/icon-rtl.png" publishTime="08/27/2015 15:08:13" />
    <file relUrl="ckeditor/lang/pl.js" publishTime="08/27/2015 15:08:11" />
    <file relUrl="ckeditor/plugins/specialchar/dialogs/lang/uk.js" publishTime="08/27/2015 15:08:14" />
    <file relUrl="ckeditor/lang/nl.js" publishTime="08/27/2015 15:08:11" />
    <file relUrl="ckeditor/plugins/wordcount/css/wordcount.css" publishTime="08/27/2015 15:08:15" />
    <file relUrl="ckeditor/skins/moono/dialog_iequirks.css" publishTime="08/27/2015 15:08:15" />
    <file relUrl="ckeditor/plugins/specialchar/dialogs/lang/hu.js" publishTime="08/27/2015 15:08:14" />
    <file relUrl="ckeditor/plugins/smiley/images/whatchutalkingabout_smile.png" publishTime="08/27/2015 15:08:13" />
    <file relUrl="ckeditor/plugins/a11yhelp/dialogs/lang/ja.js" publishTime="08/27/2015 15:08:12" />
    <file relUrl="advance-search/index.aspx" publishTime="11/03/2015 12:17:00" />
    <file relUrl="img/nav-icons/file-type.png" publishTime="07/02/2015 11:24:26" />
    <file relUrl="ckeditor/plugins/specialchar/dialogs/lang/zh-cn.js" publishTime="08/27/2015 15:08:14" />
    <file relUrl="img/nav-icons/icon_calender.png" publishTime="07/02/2015 11:24:26" />
    <file relUrl="ckeditor/plugins/a11yhelp/dialogs/lang/da.js" publishTime="08/27/2015 15:08:11" />
    <file relUrl="js/zebra_datepicker.js" publishTime="07/06/2015 19:15:42" />
    <file relUrl="ckeditor/ckeditor.js" publishTime="08/27/2015 15:08:10" />
    <file relUrl="ckeditor/plugins/smiley/images/sad_smile.png" publishTime="08/27/2015 15:08:13" />
    <file relUrl="ckeditor/plugins/specialchar/dialogs/lang/si.js" publishTime="08/27/2015 15:08:14" />
    <file relUrl="ckeditor/plugins/specialchar/dialogs/lang/zh.js" publishTime="08/27/2015 15:08:14" />
    <file relUrl="ckeditor/plugins/wordcount/lang/no.js" publishTime="08/27/2015 15:08:15" />
    <file relUrl="ckeditor/plugins/smiley/images/confused_smile.gif" publishTime="08/27/2015 15:08:13" />
    <file relUrl="img/nav-icons/icon_fav.png" publishTime="07/02/2015 11:24:26" />
    <file relUrl="authorization-msg/debug.htm" publishTime="08/21/2015 16:09:00" />
    <file relUrl="js/jquery-1.11.3.min.js.js" publishTime="07/02/2015 11:24:26" />
    <file relUrl="download-file.aspx" publishTime="07/29/2015 19:29:44" />
    <file relUrl="ckeditor/plugins/forms/images/hiddenfield.gif" publishTime="08/27/2015 15:08:12" />
    <file relUrl="ckeditor/plugins/showblocks/images/block_h2.png" publishTime="08/27/2015 15:08:13" />
    <file relUrl="ckeditor/adapters/jquery.js" publishTime="08/27/2015 15:08:10" />
    <file relUrl="ckeditor/plugins/smiley/images/omg_smile.gif" publishTime="08/27/2015 15:08:13" />
    <file relUrl="ckeditor/plugins/showblocks/images/block_address.png" publishTime="08/27/2015 15:08:13" />
    <file relUrl="ckeditor/skins/moono/images/hidpi/refresh.png" publishTime="08/27/2015 15:08:16" />
    <file relUrl="img/img-placeholder.jpg" publishTime="07/02/2015 11:24:26" />
    <file relUrl="img/icon_gear.png" publishTime="07/02/2015 11:24:26" />
    <file relUrl="img/upload-center.png" publishTime="07/02/2015 11:24:26" />
    <file relUrl="ckeditor/skins/moono/images/hidpi/lock-open.png" publishTime="08/27/2015 15:08:16" />
    <file relUrl="ckeditor/plugins/smiley/images/cry_smile.gif" publishTime="08/27/2015 15:08:13" />
    <file relUrl="img/deactive-favorite.png" publishTime="07/30/2015 18:16:28" />
    <file relUrl="ckeditor/plugins/specialchar/dialogs/lang/es.js" publishTime="08/27/2015 15:08:13" />
    <file relUrl="ckeditor/plugins/smiley/images/lightbulb.png" publishTime="08/27/2015 15:08:13" />
    <file relUrl="ckeditor/lang/sk.js" publishTime="08/27/2015 15:08:11" />
    <file relUrl="img/nav-icons/asc.gif" publishTime="07/14/2015 19:37:12" />
    <file relUrl="ckeditor/lang/km.js" publishTime="08/27/2015 15:08:11" />
    <file relUrl="ckeditor/plugins/smiley/images/devil_smile.gif" publishTime="08/27/2015 15:08:13" />
    <file relUrl="ckeditor/build-config.js" publishTime="08/27/2015 15:08:10" />
    <file relUrl="ckeditor/plugins/specialchar/dialogs/lang/it.js" publishTime="08/27/2015 15:08:14" />
    <file relUrl="Default.aspx" publishTime="09/26/2015 12:52:09" />
    <file relUrl="ckeditor/plugins/magicline/images/icon.png" publishTime="08/27/2015 15:08:13" />
    <file relUrl="ckeditor/plugins/specialchar/dialogs/lang/sl.js" publishTime="08/27/2015 15:08:14" />
    <file relUrl="ckeditor/lang/cy.js" publishTime="08/27/2015 15:08:10" />
    <file relUrl="ckeditor/plugins/wordcount/lang/jp.js" publishTime="08/27/2015 15:08:15" />
    <file relUrl="ckeditor/lang/ar.js" publishTime="08/27/2015 15:08:10" />
    <file relUrl="ckeditor/plugins/smiley/images/cry_smile.png" publishTime="08/27/2015 15:08:13" />
    <file relUrl="img/nav-icons/icon_edit-small.png" publishTime="07/24/2015 12:53:20" />
    <file relUrl="ckeditor/lang/fa.js" publishTime="08/27/2015 15:08:11" />
    <file relUrl="ckeditor/lang/mn.js" publishTime="08/27/2015 15:08:11" />
    <file relUrl="authorization-msg/index.htm" publishTime="08/21/2015 16:09:00" />
    <file relUrl="img/nav-icons/icon_delete_grid.png" publishTime="07/02/2015 11:24:26" />
    <file relUrl="ckeditor/plugins/a11yhelp/dialogs/lang/fi.js" publishTime="08/27/2015 15:08:12" />
    <file relUrl="ckeditor/plugins/a11yhelp/dialogs/lang/et.js" publishTime="08/27/2015 15:08:12" />
    <file relUrl="ckeditor/lang/cs.js" publishTime="08/27/2015 15:08:10" />
    <file relUrl="img/add.png" publishTime="07/23/2015 20:19:38" />
    <file relUrl="ckeditor/plugins/showblocks/images/block_p.png" publishTime="08/27/2015 15:08:13" />
    <file relUrl="ckeditor/plugins/charcount/plugin.js" publishTime="08/27/2015 15:08:12" />
    <file relUrl="ckeditor/plugins/forms/dialogs/textfield.js" publishTime="08/27/2015 15:08:12" />
    <file relUrl="ckeditor/plugins/dialog/dialogDefinition.js" publishTime="08/27/2015 15:08:12" />
    <file relUrl="ckeditor/plugins/specialchar/dialogs/lang/sq.js" publishTime="08/27/2015 15:08:14" />
    <file relUrl="ckeditor/plugins/a11yhelp/dialogs/lang/ko.js" publishTime="08/27/2015 15:08:12" />
    <file relUrl="sys-admin/index.aspx" publishTime="10/09/2015 13:00:56" />
    <file relUrl="img/ui-icons_ffffff_256x240.png" publishTime="07/02/2015 11:24:26" />
    <file relUrl="ckeditor/plugins/templates/templates/images/template2.gif" publishTime="08/27/2015 15:08:15" />
    <file relUrl="img/nav-icons/sort-down.png" publishTime="07/02/2015 11:24:26" />
    <file relUrl="event-in-template/index.aspx" publishTime="10/15/2015 16:38:52" />
    <file relUrl="ckeditor/plugins/wordcount/plugin.js" publishTime="08/27/2015 15:08:15" />
    <file relUrl="ckeditor/plugins/smiley/images/angel_smile.gif" publishTime="08/27/2015 15:08:13" />
    <file relUrl="ckeditor/plugins/specialchar/dialogs/lang/el.js" publishTime="08/27/2015 15:08:13" />
    <file relUrl="ckeditor/plugins/a11yhelp/dialogs/lang/ro.js" publishTime="08/27/2015 15:08:12" />
    <file relUrl="ckeditor/lang/he.js" publishTime="08/27/2015 15:08:11" />
    <file relUrl="ckeditor/plugins/smiley/images/embaressed_smile.gif" publishTime="08/27/2015 15:08:13" />
    <file relUrl="ckeditor/lang/sr.js" publishTime="08/27/2015 15:08:11" />
    <file relUrl="ckeditor/skins/moono/icons_hidpi.png" publishTime="08/27/2015 15:08:16" />
    <file relUrl="ckeditor/skins/moono/icons.png" publishTime="08/27/2015 15:08:16" />
    <file relUrl="ckeditor/lang/fr.js" publishTime="08/27/2015 15:08:11" />
    <file relUrl="ckeditor/lang/ku.js" publishTime="08/27/2015 15:08:11" />
    <file relUrl="ckeditor/plugins/smiley/images/heart.gif" publishTime="08/27/2015 15:08:13" />
    <file relUrl="css/fm.tagator.jquery.css" publishTime="07/24/2015 13:23:56" />
    <file relUrl="ckeditor/plugins/wordcount/lang/ru.js" publishTime="08/27/2015 15:08:15" />
    <file relUrl="ckeditor/plugins/wordcount/lang/hr.js" publishTime="08/27/2015 15:08:15" />
    <file relUrl="img/vault_33.png" publishTime="11/24/2015 11:10:44" />
    <file relUrl="ckeditor/plugins/forms/dialogs/textarea.js" publishTime="08/27/2015 15:08:12" />
    <file relUrl="ckeditor/plugins/a11yhelp/dialogs/lang/en-gb.js" publishTime="08/27/2015 15:08:12" />
    <file relUrl="ckeditor/skins/moono/images/lock-open.png" publishTime="08/27/2015 15:08:16" />
    <file relUrl="ckeditor/lang/en-au.js" publishTime="08/27/2015 15:08:10" />
    <file relUrl="ckeditor/plugins/a11yhelp/dialogs/lang/fr-ca.js" publishTime="08/27/2015 15:08:12" />
    <file relUrl="js/jquery.paginate.js" publishTime="07/02/2015 11:24:26" />
    <file relUrl="ckeditor/plugins/wordcount/lang/it.js" publishTime="08/27/2015 15:08:15" />
    <file relUrl="ckeditor/lang/pt-br.js" publishTime="08/27/2015 15:08:11" />
    <file relUrl="ckeditor/plugins/templates/templates/images/template3.gif" publishTime="08/27/2015 15:08:15" />
    <file relUrl="ckeditor/plugins/smiley/images/angel_smile.png" publishTime="08/27/2015 15:08:13" />
    <file relUrl="ckeditor/lang/pt.js" publishTime="08/27/2015 15:08:11" />
    <file relUrl="ckeditor/lang/et.js" publishTime="08/27/2015 15:08:11" />
    <file relUrl="img/not_clear.png" publishTime="07/02/2015 11:24:26" />
    <file relUrl="ckeditor/plugins/a11yhelp/dialogs/lang/el.js" publishTime="08/27/2015 15:08:12" />
    <file relUrl="ckeditor/plugins/smiley/dialogs/smiley.js" publishTime="08/27/2015 15:08:13" />
    <file relUrl="ckeditor/lang/sv.js" publishTime="08/27/2015 15:08:11" />
    <file relUrl="ckeditor/plugins/smiley/images/wink_smile.gif" publishTime="08/27/2015 15:08:13" />
    <file relUrl="ckeditor/plugins/smiley/images/angry_smile.png" publishTime="08/27/2015 15:08:13" />
    <file relUrl="js/custom-ui.js" publishTime="09/15/2015 12:49:41" />
    <file relUrl="ckeditor/plugins/a11yhelp/dialogs/lang/ar.js" publishTime="08/27/2015 15:08:11" />
    <file relUrl="ckeditor/lang/en-ca.js" publishTime="08/27/2015 15:08:10" />
    <file relUrl="ckeditor/skins/moono/dialog.css" publishTime="08/27/2015 15:08:15" />
    <file relUrl="img/vault-v3.png" publishTime="11/24/2015 16:39:03" />
    <file relUrl="ckeditor/plugins/smiley/images/thumbs_up.gif" publishTime="08/27/2015 15:08:13" />
    <file relUrl="ckeditor/plugins/a11yhelp/dialogs/lang/ug.js" publishTime="08/27/2015 15:08:12" />
    <file relUrl="img/nav-icons/library.jpg" publishTime="07/02/2015 11:24:26" />
    <file relUrl="ckeditor/lang/bg.js" publishTime="08/27/2015 15:08:10" />
    <file relUrl="ckeditor/plugins/smiley/images/tounge_smile.gif" publishTime="08/27/2015 15:08:13" />
    <file relUrl="ckeditor/plugins/smiley/images/angry_smile.gif" publishTime="08/27/2015 15:08:13" />
    <file relUrl="ckeditor/plugins/smiley/images/confused_smile.png" publishTime="08/27/2015 15:08:13" />
    <file relUrl="img/nav-icons/brand.png" publishTime="07/02/2015 11:24:26" />
    <file relUrl="ckeditor/plugins/a11yhelp/dialogs/lang/pl.js" publishTime="08/27/2015 15:08:12" />
    <file relUrl="ckeditor/plugins/wordcount/lang/el.js" publishTime="08/27/2015 15:08:15" />
    <file relUrl="js/MaxLength.min.js" publishTime="07/17/2015 16:56:56" />
    <file relUrl="ckeditor/lang/hr.js" publishTime="08/27/2015 15:08:11" />
    <file relUrl="img/hd-bg.jpg" publishTime="11/24/2015 12:05:00" />
    <file relUrl="img/file-icons/ppt.png" publishTime="07/13/2015 16:50:26" />
    <file relUrl="img/sprevious.png" publishTime="07/02/2015 11:24:26" />
    <file relUrl="ckeditor/plugins/table/dialogs/table.js" publishTime="08/27/2015 15:08:14" />
    <file relUrl="email-log/index.aspx" publishTime="11/04/2015 12:43:29" />
    <file relUrl="ckeditor/plugins/icons_hidpi.png" publishTime="08/27/2015 15:08:12" />
    <file relUrl="ckeditor/plugins/image/dialogs/image.js" publishTime="08/27/2015 15:08:12" />
    <file relUrl="ckeditor/plugins/a11yhelp/dialogs/lang/ku.js" publishTime="08/27/2015 15:08:12" />
    <file relUrl="ckeditor/plugins/a11yhelp/dialogs/lang/tr.js" publishTime="08/27/2015 15:08:12" />
    <file relUrl="img/nav-icons/icon_edit.png" publishTime="07/02/2015 11:24:26" />
    <file relUrl="img/nav-icons/sort-up.png" publishTime="07/02/2015 11:24:26" />
    <file relUrl="ckeditor/plugins/specialchar/dialogs/lang/pt.js" publishTime="08/27/2015 15:08:14" />
    <file relUrl="ckeditor/lang/sl.js" publishTime="08/27/2015 15:08:11" />
    <file relUrl="ckeditor/plugins/liststyle/dialogs/liststyle.js" publishTime="08/27/2015 15:08:13" />
    <file relUrl="ckeditor/lang/fo.js" publishTime="08/27/2015 15:08:11" />
    <file relUrl="ckeditor/lang/gu.js" publishTime="08/27/2015 15:08:11" />
    <file relUrl="ckeditor/skins/moono/dialog_ie.css" publishTime="08/27/2015 15:08:15" />
    <file relUrl="ckeditor/plugins/a11yhelp/dialogs/lang/sq.js" publishTime="08/27/2015 15:08:12" />
    <file relUrl="ckeditor/lang/ca.js" publishTime="08/27/2015 15:08:10" />
    <file relUrl="ckeditor/plugins/forms/dialogs/checkbox.js" publishTime="08/27/2015 15:08:12" />
    <file relUrl="ckeditor/plugins/smiley/images/lightbulb.gif" publishTime="08/27/2015 15:08:13" />
    <file relUrl="ckeditor/plugins/specialchar/dialogs/lang/nl.js" publishTime="08/27/2015 15:08:14" />
    <file relUrl="file-preview/index.aspx" publishTime="11/03/2015 15:43:22" />
    <file relUrl="css/theme.css" publishTime="11/24/2015 12:04:04" />
    <file relUrl="ckeditor/plugins/a11yhelp/dialogs/lang/sk.js" publishTime="08/27/2015 15:08:12" />
    <file relUrl="ckeditor/lang/mk.js" publishTime="08/27/2015 15:08:11" />
    <file relUrl="ckeditor/lang/hu.js" publishTime="08/27/2015 15:08:11" />
    <file relUrl="ckeditor/plugins/templates/dialogs/templates.js" publishTime="08/27/2015 15:08:14" />
    <file relUrl="ckeditor/plugins/forms/dialogs/radio.js" publishTime="08/27/2015 15:08:12" />
    <file relUrl="team-master/index.aspx" publishTime="10/15/2015 16:20:08" />
    <file relUrl="img/loading.gif" publishTime="08/18/2015 21:39:14" />
    <file relUrl="ckeditor/lang/zh-cn.js" publishTime="08/27/2015 15:08:11" />
    <file relUrl="dashboard/index.aspx" publishTime="11/24/2015 11:11:57" />
    <file relUrl="ckeditor/lang/ms.js" publishTime="08/27/2015 15:08:11" />
    <file relUrl="ckeditor/lang/en.js" publishTime="08/27/2015 15:08:11" />
    <file relUrl="img/nav-icons/home.png" publishTime="07/02/2015 11:24:26" />
    <file relUrl="img/nav-icons/icon_lock.png" publishTime="09/12/2015 17:50:16" />
    <file relUrl="ckeditor/plugins/specialchar/dialogs/lang/fa.js" publishTime="08/27/2015 15:08:13" />
    <file relUrl="ckeditor/lang/gl.js" publishTime="08/27/2015 15:08:11" />
    <file relUrl="errors/GeneralError.aspx" publishTime="09/04/2015 12:20:05" />
    <file relUrl="ckeditor/plugins/link/images/hidpi/anchor.png" publishTime="08/27/2015 15:08:12" />
    <file relUrl="ckeditor/plugins/specialchar/dialogs/lang/km.js" publishTime="08/27/2015 15:08:14" />
    <file relUrl="ckeditor/plugins/iframe/dialogs/iframe.js" publishTime="08/27/2015 15:08:12" />
    <file relUrl="js/jquery.colorbox-min.js" publishTime="07/02/2015 11:24:26" />
    <file relUrl="favourite/index.aspx" publishTime="11/03/2015 15:40:32" />
    <file relUrl="ckeditor/lang/lv.js" publishTime="08/27/2015 15:08:11" />
    <file relUrl="ckeditor/plugins/specialchar/dialogs/lang/fi.js" publishTime="08/27/2015 15:08:13" />
    <file relUrl="ckeditor/plugins/a11yhelp/dialogs/lang/nl.js" publishTime="08/27/2015 15:08:12" />
    <file relUrl="ckeditor/plugins/smiley/images/kiss.gif" publishTime="08/27/2015 15:08:13" />
    <file relUrl="ckeditor/plugins/a11yhelp/dialogs/lang/si.js" publishTime="08/27/2015 15:08:12" />
    <file relUrl="ckeditor/plugins/a11yhelp/dialogs/lang/zh-cn.js" publishTime="08/27/2015 15:08:12" />
    <file relUrl="img/notification.png" publishTime="07/02/2015 11:24:26" />
    <file relUrl="ckeditor/lang/tr.js" publishTime="08/27/2015 15:08:11" />
    <file relUrl="document-upload-new/index.aspx" publishTime="11/03/2015 12:18:43" />
    <file relUrl="ckeditor/lang/sr-latn.js" publishTime="08/27/2015 15:08:11" />
    <file relUrl="ckeditor/lang/bs.js" publishTime="08/27/2015 15:08:10" />
    <file relUrl="notification-list/index.aspx" publishTime="10/12/2015 19:23:56" />
    <file relUrl="ckeditor/plugins/a11yhelp/dialogs/lang/lv.js" publishTime="08/27/2015 15:08:12" />
    <file relUrl="css/jquery.dropdown.min.css" publishTime="07/02/2015 11:28:40" />
    <file relUrl="img/nav-icons/category.png" publishTime="07/02/2015 11:24:26" />
    <file relUrl="ckeditor/lang/da.js" publishTime="08/27/2015 15:08:10" />
    <file relUrl="ckeditor/lang/ug.js" publishTime="08/27/2015 15:08:11" />
    <file relUrl="ckeditor/plugins/smiley/images/whatchutalkingabout_smile.gif" publishTime="08/27/2015 15:08:13" />
    <file relUrl="ckeditor/lang/el.js" publishTime="08/27/2015 15:08:10" />
    <file relUrl="css/jquery-ui.css" publishTime="07/02/2015 11:28:40" />
    <file relUrl="bin/log4net.dll" publishTime="11/18/2013 05:51:44" />
    <file relUrl="ckeditor/plugins/a11yhelp/dialogs/lang/af.js" publishTime="08/27/2015 15:08:11" />
    <file relUrl="ckeditor/skins/moono/images/close.png" publishTime="08/27/2015 15:08:16" />
    <file relUrl="img/minus.png" publishTime="07/23/2015 20:19:38" />
    <file relUrl="ckeditor/skins/moono/images/lock.png" publishTime="08/27/2015 15:08:16" />
    <file relUrl="ckeditor/plugins/wordcount/lang/nl.js" publishTime="08/27/2015 15:08:15" />
    <file relUrl="img/nav-icons/link.png" publishTime="10/13/2015 13:37:07" />
    <file relUrl="ckeditor/plugins/specialchar/dialogs/lang/tr.js" publishTime="08/27/2015 15:08:14" />
    <file relUrl="img/nav-icons/lookup.png" publishTime="07/02/2015 11:24:26" />
    <file relUrl="ckeditor/plugins/smiley/images/broken_heart.png" publishTime="08/27/2015 15:08:13" />
    <file relUrl="ckeditor/plugins/link/dialogs/link.js" publishTime="08/27/2015 15:08:12" />
    <file relUrl="img/img-thumb.jpg" publishTime="07/10/2015 15:31:44" />
    <file relUrl="ckeditor/skins/moono/images/arrow.png" publishTime="08/27/2015 15:08:16" />
    <file relUrl="ckeditor/plugins/pagebreak/images/pagebreak.gif" publishTime="08/27/2015 15:08:13" />
    <file relUrl="ckeditor/plugins/specialchar/dialogs/lang/pl.js" publishTime="08/27/2015 15:08:14" />
    <file relUrl="ckeditor/plugins/specialchar/dialogs/lang/gl.js" publishTime="08/27/2015 15:08:14" />
    <file relUrl="ckeditor/plugins/specialchar/dialogs/lang/fr-ca.js" publishTime="08/27/2015 15:08:13" />
    <file relUrl="ckeditor/plugins/a11yhelp/dialogs/lang/sv.js" publishTime="08/27/2015 15:08:12" />
    <file relUrl="ckeditor/plugins/smiley/images/thumbs_up.png" publishTime="08/27/2015 15:08:13" />
    <file relUrl="ckeditor/lang/is.js" publishTime="08/27/2015 15:08:11" />
    <file relUrl="ckeditor/plugins/a11yhelp/dialogs/lang/sl.js" publishTime="08/27/2015 15:08:12" />
    <file relUrl="css/default.css" publishTime="08/17/2015 19:38:22" />
    <file relUrl="ckeditor/plugins/a11yhelp/dialogs/lang/pt.js" publishTime="08/27/2015 15:08:12" />
    <file relUrl="ckeditor/plugins/wordcount/lang/sv.js" publishTime="08/27/2015 15:08:15" />
    <file relUrl="ckeditor/plugins/specialchar/dialogs/lang/hr.js" publishTime="08/27/2015 15:08:14" />
    <file relUrl="event-object-mapping/index.aspx" publishTime="10/15/2015 16:39:21" />
    <file relUrl="img/nav-icons/varient.png" publishTime="07/02/2015 11:24:26" />
    <file relUrl="img/left-nav-bg.png" publishTime="07/02/2015 11:24:26" />
    <file relUrl="ckeditor/plugins/pastefromword/filter/default.js" publishTime="08/27/2015 15:08:13" />
    <file relUrl="ckeditor/plugins/showblocks/images/block_blockquote.png" publishTime="08/27/2015 15:08:13" />
    <file relUrl="ckeditor/plugins/smiley/images/thumbs_down.gif" publishTime="08/27/2015 15:08:13" />
    <file relUrl="event-master/index.aspx" publishTime="10/28/2015 13:51:16" />
    <file relUrl="library-new/index.aspx" publishTime="10/12/2015 11:12:25" />
    <file relUrl="ckeditor/lang/vi.js" publishTime="08/27/2015 15:08:11" />
    <file relUrl="brand-category-mapping/index.aspx" publishTime="10/28/2015 13:27:24" />
    <file relUrl="img/file-icons/text.png" publishTime="07/13/2015 16:50:26" />
    <file relUrl="ckeditor/plugins/specialchar/dialogs/lang/et.js" publishTime="08/27/2015 15:08:13" />
    <file relUrl="ckeditor/plugins/a11yhelp/dialogs/lang/km.js" publishTime="08/27/2015 15:08:12" />
    <file relUrl="ckeditor/plugins/smiley/images/kiss.png" publishTime="08/27/2015 15:08:13" />
    <file relUrl="ckeditor/plugins/smiley/images/teeth_smile.png" publishTime="08/27/2015 15:08:13" />
    <file relUrl="ckeditor/plugins/wordcount/lang/pt-br.js" publishTime="08/27/2015 15:08:15" />
    <file relUrl="img/nav-icons/designation.png" publishTime="08/18/2015 21:28:38" />
    <file relUrl="ckeditor/plugins/magicline/images/hidpi/icon.png" publishTime="08/27/2015 15:08:13" />
    <file relUrl="attribute-master/index.aspx" publishTime="10/15/2015 16:22:49" />
    <file relUrl="ckeditor/plugins/specialchar/dialogs/lang/id.js" publishTime="08/27/2015 15:08:14" />
    <file relUrl="ckeditor/plugins/specialchar/dialogs/lang/vi.js" publishTime="08/27/2015 15:08:14" />
    <file relUrl="ckeditor/plugins/smiley/images/heart.png" publishTime="08/27/2015 15:08:13" />
    <file relUrl="file-extension/index.aspx" publishTime="10/15/2015 16:29:08" />
    <file relUrl="ckeditor/lang/id.js" publishTime="08/27/2015 15:08:11" />
    <file relUrl="ckeditor/plugins/showblocks/images/block_pre.png" publishTime="08/27/2015 15:08:13" />
    <file relUrl="ckeditor/skins/moono/images/refresh.png" publishTime="08/27/2015 15:08:16" />
    <file relUrl="img/nav-icons/team.png" publishTime="07/02/2015 11:24:26" />
    <file relUrl="ckeditor/plugins/a11yhelp/dialogs/lang/cs.js" publishTime="08/27/2015 15:08:11" />
    <file relUrl="ckeditor/plugins/wordcount/lang/fr.js" publishTime="08/27/2015 15:08:15" />
    <file relUrl="ckeditor/skins/moono/dialog_ie8.css" publishTime="08/27/2015 15:08:15" />
    <file relUrl="ckeditor/plugins/a11yhelp/dialogs/lang/sr.js" publishTime="08/27/2015 15:08:12" />
    <file relUrl="ckeditor/lang/ka.js" publishTime="08/27/2015 15:08:11" />
    <file relUrl="img/nav-icons/icon_plis.png" publishTime="07/02/2015 11:24:26" />
    <file relUrl="Web.config" publishTime="11/25/2015 19:32:25" />
    <file relUrl="user-in-team/index.aspx" publishTime="10/15/2015 16:20:42" />
    <file relUrl="ckeditor/skins/moono/images/hidpi/lock.png" publishTime="08/27/2015 15:08:16" />
    <file relUrl="ckeditor/plugins/link/dialogs/anchor.js" publishTime="08/27/2015 15:08:12" />
    <file relUrl="others-to-master/index.aspx" publishTime="10/12/2015 19:51:51" />
    <file relUrl="ckeditor/plugins/a11yhelp/dialogs/lang/de.js" publishTime="08/27/2015 15:08:11" />
    <file relUrl="ckeditor/plugins/smiley/images/broken_heart.gif" publishTime="08/27/2015 15:08:13" />
    <file relUrl="ckeditor/plugins/showblocks/images/block_h3.png" publishTime="08/27/2015 15:08:13" />
    <file relUrl="ckeditor/plugins/a11yhelp/dialogs/lang/gu.js" publishTime="08/27/2015 15:08:12" />
    <file relUrl="js/jquery.191.js" publishTime="07/02/2015 11:24:26" />
    <file relUrl="ckeditor/plugins/a11yhelp/dialogs/lang/he.js" publishTime="08/27/2015 15:08:12" />
    <file relUrl="ckeditor/plugins/specialchar/dialogs/lang/pt-br.js" publishTime="08/27/2015 15:08:14" />
    <file relUrl="img/nav-icons/desc.gif" publishTime="07/14/2015 19:37:12" />
    <file relUrl="ckeditor/plugins/wordcount/lang/de.js" publishTime="08/27/2015 15:08:15" />
    <file relUrl="ckeditor/plugins/wsc/dialogs/tmpFrameset.html" publishTime="08/27/2015 15:08:15" />
    <file relUrl="ckeditor/plugins/smiley/images/wink_smile.png" publishTime="08/27/2015 15:08:13" />
    <file relUrl="ckeditor/plugins/a11yhelp/dialogs/lang/id.js" publishTime="08/27/2015 15:08:12" />
    <file relUrl="ckeditor/plugins/a11yhelp/dialogs/lang/_translationstatus.txt" publishTime="08/27/2015 15:08:12" />
    <file relUrl="email-setting/index.aspx" publishTime="10/03/2015 15:46:20" />
    <file relUrl="ckeditor/plugins/smiley/images/shades_smile.png" publishTime="08/27/2015 15:08:13" />
    <file relUrl="expiry-report/index.aspx" publishTime="11/03/2015 12:20:41" />
    <file relUrl="ckeditor/plugins/wordcount/lang/pl.js" publishTime="08/27/2015 15:08:15" />
    <file relUrl="ckeditor/plugins/smiley/images/embarrassed_smile.gif" publishTime="08/27/2015 15:08:13" />
    <file relUrl="ckeditor/plugins/smiley/images/tongue_smile.gif" publishTime="08/27/2015 15:08:13" />
    <file relUrl="ckeditor/plugins/specialchar/dialogs/lang/en-gb.js" publishTime="08/27/2015 15:08:13" />
    <file relUrl="ckeditor/plugins/wordcount/samples/wordcountWithMaxCount.html" publishTime="08/27/2015 15:08:15" />
    <file relUrl="ckeditor/plugins/a11yhelp/dialogs/lang/gl.js" publishTime="08/27/2015 15:08:12" />
    <file relUrl="library-master/index.aspx" publishTime="10/15/2015 16:24:10" />
    <file relUrl="ckeditor/plugins/specialchar/dialogs/lang/he.js" publishTime="08/27/2015 15:08:14" />
    <file relUrl="img/add-button-full.png" publishTime="07/02/2015 11:24:26" />
    <file relUrl="connectionstring.aspx" publishTime="07/16/2015 11:02:08" />
    <file relUrl="ckeditor/lang/no.js" publishTime="08/27/2015 15:08:11" />
    <file relUrl="ckeditor/skins/moono/editor_ie.css" publishTime="08/27/2015 15:08:15" />
    <file relUrl="img/nav-icons/Department.png" publishTime="08/18/2015 21:28:38" />
    <file relUrl="errors/PageNotFound.aspx" publishTime="09/04/2015 12:22:52" />
    <file relUrl="ckeditor/plugins/specialchar/dialogs/lang/sv.js" publishTime="08/27/2015 15:08:14" />
    <file relUrl="ckeditor/plugins/scayt/dialogs/options.js" publishTime="08/27/2015 15:08:13" />
    <file relUrl="img/nav-icons/icon_plus.png" publishTime="07/02/2015 11:24:26" />
    <file relUrl="img/upload.png" publishTime="07/02/2015 11:24:26" />
    <file relUrl="ckeditor/plugins/a11yhelp/dialogs/lang/uk.js" publishTime="08/27/2015 15:08:12" />
    <file relUrl="ckeditor/styles.js" publishTime="08/27/2015 15:08:16" />
    <file relUrl="ckeditor/skins/moono/editor_ie8.css" publishTime="08/27/2015 15:08:16" />
    <file relUrl="ckeditor/plugins/a11yhelp/dialogs/lang/nb.js" publishTime="08/27/2015 15:08:12" />
    <file relUrl="ckeditor/lang/ko.js" publishTime="08/27/2015 15:08:11" />
    <file relUrl="img/nav-icons/icon_filter.png" publishTime="07/02/2015 11:24:26" />
  </publishProfile>
</publishData>